ID,Tipo,Data,Responsável,Fornecedor,Quem Recebeu,Quem Cadastrou,Local,Material,Tipo Material,Qtd Pacotes,Unids. por Pacote,Qtd Total,Valor Unit.,Valor Total,Obs,Status,Motivo Exclusão,Data Exclusão
1775570022907,Entrada,2026-04-07 10:44,MURILLO,,MURILLO,,QUARTA PARADA,ROSAS BRANCAS,ORNAMENTAÇÃO,35,20,700,0,0,,ATIVO,,
1775570089225,Entrada,2026-04-07 10:53,MURILLO,COOPERFLORA,MURILLO,,QUARTA PARADA,ROSAS VERMELHAS,ORNAMENTAÇÃO,4,20,80,0,0,,ATIVO,,
1775570121889,Entrada,2026-04-07 10:54,MURILLO,COOPERFLORA,MURILLO,,QUARTA PARADA,ROSAS PINK,ORNAMENTAÇÃO,15,20,300,0,0,,ATIVO,,
1775570163353,Entrada,2026-04-07 10:55,MURILLO,,MURILLO,,QUARTA PARADA,LÍRIO BRANCO,ORNAMENTAÇÃO,0,0,24,0,0,,ATIVO,,
1775570227968,Entrada,2026-04-07 10:56,MURILLO,,MURILLO,,QUARTA PARADA,TANGO,ORNAMENTAÇÃO,15,9,135,0,0,,ATIVO,,
1775570259890,Entrada,2026-04-07 10:57,MURILLO,,MURILLO,,QUARTA PARADA,MARIANA,ORNAMENTAÇÃO,10,9,90,0,0,,ATIVO,,
1775570320903,Entrada,2026-04-07 10:57,MURILLO,COOPERFLORA,MURILLO,,QUARTA PARADA,GIPSOFILA,ORNAMENTAÇÃO,4,10,40,0,0,,ATIVO,,
1775570391383,Entrada,2026-04-07 10:58,MURILLO,COOPERFLORA,MURILLO,,QUARTA PARADA,LISIANTUS BRANCOS,ORNAMENTAÇÃO,0,0,3,0,0,,ATIVO,,
1775571816715,Entrada,2026-04-07 10:59,MURILLO,,MURILLO,,QUARTA PARADA,CRISANTREMOS BRANCOS,ORNAMENTAÇÃO,32,19,608,0,0,,ATIVO,,
1775576749623,Entrada,2026-04-07 11:23,MURILLO,PADILHA,MURILLO,,QUARTA PARADA,CRISANTREMOS BRANCOS,ORNAMENTAÇÃO,57,19,1083,0,0,,ATIVO,,
1775576859536,Entrada,2026-04-07 12:45,MURILLO,,MURILLO,,QUARTA PARADA,VASO DE CRISANTEMO BRANCO,VENDA LOJA,0,0,1,40,40,,ATIVO,,
1775576955744,Entrada,2026-04-07 12:47,MURILLO,,MURILLO,,QUARTA PARADA,CRISANTREMOS AMARELO,VENDA LOJA,0,0,2,40,80,,ATIVO,,
1775577029416,Entrada,2026-04-07 12:49,MURILLO,,MURILLO,,QUARTA PARADA,VASO DE CRISANTREMOS ROXO,VENDA LOJA,0,0,2,40,80,,ATIVO,,
1775577092151,Entrada,2026-04-07 12:50,MURILLO,,MURILLO,,QUARTA PARADA,VASO DE CRISANTEMO LARANJA,VENDA LOJA,0,0,1,40,40,,ATIVO,,
1775577171551,Entrada,2026-04-07 12:51,MURILLO,,MURILLO,,QUARTA PARADA,VASO DE CRISANTREMOS MISTO,VENDA LOJA,0,0,1,40,40,,ATIVO,,
1775577407471,Saída,2026-04-07 12:52,MURILLO,,MURILLO,,QUARTA PARADA,CRISANTREMOS AMARELO,VENDA LOJA,0,0,2,0,0,,ATIVO,,
1775577868184,Saída,2026-04-07 12:56,MURILLO,COOPERFLORA,MURILLO,,QUARTA PARADA,ROSAS BRANCAS,ORNAMENTAÇÃO,0,0,5,10,50,,ATIVO,,
1775583846856,Saída,2026-04-07 14:24,MURILLO,,,,QUARTA PARADA,TANGO,ORNAMENTAÇÃO,0,0,2,0,0,,ATIVO,,
1775583887350,Saída,2026-04-07 14:44,MURILLO,,,,QUARTA PARADA,CRISANTREMOS BRANCOS,ORNAMENTAÇÃO,15,19,285,0,0,,ATIVO,,
1775583916742,Saída,2026-04-07 14:44,MURILLO,,,,QUARTA PARADA,GIPSOFILA,ORNAMENTAÇÃO,0,0,1,0,0,,ATIVO,,
1775583978568,Saída,2026-04-07 14:45,MURILLO,,,,QUARTA PARADA,ROSAS VERMELHAS,ORNAMENTAÇÃO,0,0,15,0,0,,ATIVO,,
1775584836577,Saída,2026-04-07 14:46,MURILLO,,,,QUARTA PARADA,ROSAS BRANCAS,VENDA LOJA,0,0,6,10,60,,ATIVO,,
1775584937689,Entrada,2026-04-07 15:00,MURILLO,COOPERFLORA,MURILLO,,QUARTA PARADA,ROSA CHAMPANHE,VENDA LOJA,0,0,2,0,0,,ATIVO,,
1775585020432,Saída,2026-04-07 15:02,MURILLO,,,,QUARTA PARADA,ROSA CHAMPANHE,VENDA LOJA,0,0,2,10,20,,ATIVO,,
1775667568593,Saída,2026-04-08 15:03,MURILLO,,,,QUARTA PARADA,TANGO,ORNAMENTAÇÃO,14,9,126,0,0,,ATIVO,,
1775667623263,Entrada,2026-04-08 13:59,MURILLO,,,,QUARTA PARADA,TANGO,ORNAMENTAÇÃO,1,7,7,0,0,,ATIVO,,
1775667663232,Saída,2026-04-08 14:00,MURILLO,,,,QUARTA PARADA,TANGO,ORNAMENTAÇÃO,2,7,14,0,0,,ATIVO,,
1775667703569,Saída,2026-04-08 14:01,MURILLO,,,,QUARTA PARADA,ROSAS BRANCAS,ORNAMENTAÇÃO,0,0,33,0,0,,ATIVO,,
1775667753168,Saída,2026-04-08 14:01,MURILLO,,,,QUARTA PARADA,GIPSOFILA,ORNAMENTAÇÃO,0,0,1,0,0,,ATIVO,,
1775667787776,Entrada,2026-04-08 14:02,MURILLO,,,,QUARTA PARADA,ROSAS BRANCAS,ORNAMENTAÇÃO,0,0,90,0,0,,ATIVO,,
1775667823688,Saída,2026-04-08 14:03,MURILLO,,,,QUARTA PARADA,ROSAS BRANCAS,ORNAMENTAÇÃO,0,0,180,0,0,,ATIVO,,
1775667905857,Saída,2026-04-08 14:03,MURILLO,,,,QUARTA PARADA,ROSAS BRANCAS,ORNAMENTAÇÃO,0,0,100,0,0,,ATIVO,,
1775667967905,Saída,2026-04-08 14:05,MURILLO,,,,QUARTA PARADA,MARIANA,ORNAMENTAÇÃO,3,9,27,0,0,,ATIVO,,
1775667998947,Saída,2026-04-08 14:06,MURILLO,,,,QUARTA PARADA,MARIANA,ORNAMENTAÇÃO,4,9,36,0,0,,ATIVO,,
1775668053736,Saída,2026-04-08 14:06,MURILLO,,,,QUARTA PARADA,ROSAS BRANCAS,ORNAMENTAÇÃO,0,0,100,0,0,,ATIVO,,
1775668087753,Saída,2026-04-08 14:07,MURILLO,,,,QUARTA PARADA,GIPSOFILA,ORNAMENTAÇÃO,0,0,1,0,0,,ATIVO,,
1775668269225,Saída,2026-04-08 14:08,MURILLO,,,,QUARTA PARADA,ROSAS BRANCAS,ORNAMENTAÇÃO,0,0,90,0,0,,ATIVO,,
1775668323948,Saída,2026-04-08 14:11,MURILLO,,,,QUARTA PARADA,GIPSOFILA,ORNAMENTAÇÃO,0,0,1,0,0,,ATIVO,,
1775668380612,Saída,2026-04-08 14:12,MURILLO,,,,QUARTA PARADA,ROSAS VERMELHAS,ORNAMENTAÇÃO,0,0,10,0,0,,ATIVO,,
1775668538187,Saída,2026-04-08 14:13,MURILLO,,,,QUARTA PARADA,ROSAS VERMELHAS,ORNAMENTAÇÃO,0,0,22,0,0,,ATIVO,,
1775668614355,Saída,2026-04-08 14:15,MURILLO,,,,QUARTA PARADA,CRISANTREMOS BRANCOS,ORNAMENTAÇÃO,20,19,380,0,0,,ATIVO,,
1775668684506,Saída,2026-04-08 14:16,MURILLO,,,,QUARTA PARADA,VASO DE CRISANTEMO BRANCO,VENDA LOJA,0,0,1,0,0,,ATIVO,,
1775668762627,Saída,2026-04-08 14:18,MURILLO,,,,QUARTA PARADA,ROSAS VERMELHAS,VENDA LOJA,0,0,5,10,50,,ATIVO,,
1775668793538,Saída,2026-04-08 14:19,MURILLO,,,,QUARTA PARADA,ROSAS BRANCAS,VENDA LOJA,0,0,10,10,100,,ATIVO,,
1775668846409,Entrada,2026-04-08 14:19,MURILLO,COOPERFLORA,MURILLO,,QUARTA PARADA,ROSAS BRANCAS,ORNAMENTAÇÃO,40,20,800,0,0,,ATIVO,,
1775668895306,Entrada,2026-04-08 14:20,MURILLO,COOPERFLORA,MURILLO,,QUARTA PARADA,ROSA CHAMPANHE,ORNAMENTAÇÃO,15,20,300,0,0,,ATIVO,,
1775668930314,Entrada,2026-04-08 14:21,MURILLO,COOPERFLORA,MURILLO,,QUARTA PARADA,ROSAS VERMELHAS,ORNAMENTAÇÃO,20,20,400,0,0,,ATIVO,,
1775668986642,Entrada,2026-04-08 14:22,MURILLO,COOPERFLORA,MURILLO,,QUARTA PARADA,ROSA AMARELA,ORNAMENTAÇÃO,15,20,300,0,0,,ATIVO,,
1775669010674,Entrada,2026-04-08 14:23,MURILLO,COOPERFLORA,MURILLO,,QUARTA PARADA,ROSAS PINK,ORNAMENTAÇÃO,12,20,240,0,0,,ATIVO,,
1775669056553,Entrada,2026-04-08 14:23,MURILLO,COOPERFLORA,MURILLO,,QUARTA PARADA,LISIANTUS BRANCOS,ORNAMENTAÇÃO,6,36,216,0,0,,ATIVO,,
1775669122169,Entrada,2026-04-08 14:24,MURILLO,COOPERFLORA,MURILLO,,QUARTA PARADA,GIPSOFILA,ORNAMENTAÇÃO,0,0,32,0,0,,ATIVO,,
1775669243714,Saída,2026-04-08 14:25,MURILLO,,,,QUARTA PARADA,LISIANTUS BRANCOS,ORNAMENTAÇÃO,2,36,72,0,0,,ATIVO,,
1775669305171,Entrada,2026-04-08 14:27,MURILLO,COOPERFLORA,MURILLO,,QUARTA PARADA,GERBÉRA BRANCA,VENDA LOJA,1,12,12,0,0,,ATIVO,,
1775669338218,Entrada,2026-04-08 14:28,MURILLO,COOPERFLORA,MURILLO,,QUARTA PARADA,GERBÉRA ROSA,VENDA LOJA,1,12,12,0,0,,ATIVO,,
1775669390017,Saída,2026-04-08 14:28,MURILLO,,,,QUARTA PARADA,ROSAS VERMELHAS,ORNAMENTAÇÃO,0,0,1,10,10,,ATIVO,,
1775669414153,Saída,2026-04-08 14:29,MURILLO,,,,QUARTA PARADA,ROSAS BRANCAS,ORNAMENTAÇÃO,0,0,90,0,0,,ATIVO,,
1775669513234,Saída,2026-04-08 14:30,MURILLO,,,,QUARTA PARADA,GIPSOFILA,ORNAMENTAÇÃO,0,0,68,0,0,,ATIVO,,
1775669568283,Entrada,2026-04-08 14:31,MURILLO,COOPERFLORA,MURILLO,,QUARTA PARADA,GIPSOFILA,ORNAMENTAÇÃO,63,7,441,0,0,,ATIVO,,
1775669632699,Saída,2026-04-08 14:32,MURILLO,,,,QUARTA PARADA,MARIANA,ORNAMENTAÇÃO,3,9,27,0,0,,ATIVO,,
1775669712115,Saída,2026-04-08 14:33,MURILLO,,,,QUARTA PARADA,CRISANTREMOS BRANCOS,ORNAMENTAÇÃO,15,19,285,0,0,,ATIVO,,
1775669822786,Entrada,2026-04-08 14:35,MURILLO,,GABI,,QUARTA PARADA,ORQUÍDEA BRANCA,ORNAMENTAÇÃO,0,0,20,0,0,,ATIVO,,
1775731685094,Saída,2026-04-08 14:37,MURILLO,,,,QUARTA PARADA,CRISANTREMOS BRANCOS,ORNAMENTAÇÃO,16,19,304,0,0,,ATIVO,,
1775731751858,Saída,2026-04-09 07:48,MURILLO,,,,QUARTA PARADA,CRISANTREMOS BRANCOS,ORNAMENTAÇÃO,10,19,190,0,0,CLÍNICA TATUAPÉ,ATIVO,,
1775731888381,Saída,2026-04-09 07:49,MURILLO,,,,QUARTA PARADA,CRISANTREMOS BRANCOS,RETORNANDO FABRICA,13,19,247,0,0,VOLTANDO PARA FABRICA POIS ESTA SEM CONDIÇÕES DE USO PARA ORNAMENTAÇÃO,ATIVO,,
1775733456705,Entrada,2026-04-09 07:51,MURILLO,,,,QUARTA PARADA,TANGO,ORNAMENTAÇÃO,7,5,35,0,0,,ATIVO,,
1775733481169,Entrada,2026-04-09 08:17,MURILLO,,,,QUARTA PARADA,CRISANTREMOS BRANCOS,ORNAMENTAÇÃO,20,19,380,0,0,,ATIVO,,
1775736834694,Saída,2026-04-09 08:18,MURILLO,,,,QUARTA PARADA,ROSAS BRANCAS,VENDA LOJA,0,0,3,10,30,,ATIVO,,
1775736858157,Saída,2026-04-09 09:13,MURILLO,,,,QUARTA PARADA,ROSA CHAMPANHE,VENDA LOJA,0,0,3,10,30,,ATIVO,,
1775736884631,Saída,2026-04-09 09:14,MURILLO,,,,QUARTA PARADA,ROSA AMARELA,VENDA LOJA,0,0,3,10,30,,ATIVO,,
1775744670181,Saída,2026-04-09 09:14,MURILLO,,,,QUARTA PARADA,GERBÉRA ROSA,VENDA LOJA,1,12,12,0,0,,ATIVO,,
1775744690299,Saída,2026-04-09 11:24,MURILLO,,,,QUARTA PARADA,GERBÉRA BRANCA,VENDA LOJA,1,12,12,0,0,,ATIVO,,
1775748700101,Entrada,2026-04-09 11:24,MURILLO,,,,QUARTA PARADA,VASO DE CRISANTEMO AMARELO,VENDA LOJA,0,0,1,40,40,VASO DE CRISANTEMO AMARELO,ATIVO,,
1775748719245,Saída,2026-04-09 12:31,MURILLO,,,,QUARTA PARADA,VASO DE CRISANTEMO AMARELO,VENDA LOJA,0,0,1,40,40,,ATIVO,,
1775749139950,Entrada,2026-04-09 12:31,MURILLO,,,,QUARTA PARADA,VASO DE CRISANTEMO AMARELO,VENDA LOJA,0,0,1,40,40,,ATIVO,,
1775749160869,Saída,2026-04-09 12:38,MURILLO,,,,QUARTA PARADA,VASO DE CRISANTEMO AMARELO,VENDA LOJA,0,0,1,40,40,,ATIVO,,
1775755030076,Entrada,2026-04-09 12:39,MURILLO,,,,QUARTA PARADA,TANGO,ORNAMENTAÇÃO,10,7,70,0,0,,ATIVO,,
1775755081491,Entrada,2026-04-09 14:17,MURILLO,,,,QUARTA PARADA,MARIANA,ORNAMENTAÇÃO,0,0,20,"0,35",7,,ATIVO,,
1775755130124,Entrada,2026-04-09 14:18,MURILLO,,,,QUARTA PARADA,VASO DE CRISANTEMO BRANCO,VENDA LOJA,0,0,5,0,0,,ATIVO,,
1775755152484,Entrada,2026-04-09 14:18,MURILLO,,,,QUARTA PARADA,VASO DE CRISANTEMO LARANJA,VENDA LOJA,0,0,1,0,0,,ATIVO,,
1775755173260,Entrada,2026-04-09 14:19,MURILLO,,,,QUARTA PARADA,VASO DE CRISANTEMO AMARELO,VENDA LOJA,0,0,1,0,0,,ATIVO,,
1775755186052,Entrada,2026-04-09 14:19,MURILLO,,,,QUARTA PARADA,VASO DE CRISANTREMOS ROXO,VENDA LOJA,0,0,1,0,0,,ATIVO,,
1775755345861,Saída,2026-04-09 14:19,MURILLO,,,,QUARTA PARADA,ROSAS BRANCAS,ORNAMENTAÇÃO,18,20,360,0,0,,ATIVO,,
1775755502917,Saída,2026-04-09 14:22,MURILLO,,,,QUARTA PARADA,ROSA AMARELA,ORNAMENTAÇÃO,3,20,60,0,0,,ATIVO,,
1775755602982,Saída,2026-04-09 14:25,MURILLO,,,,QUARTA PARADA,ROSAS VERMELHAS,ORNAMENTAÇÃO,4,20,80,0,0,,ATIVO,,
1775755702253,Entrada,2026-04-09 14:26,MURILLO,,,,QUARTA PARADA,ROSA CHAMPANHE,VENDA LOJA,4,20,80,0,0,,ATIVO,,
1775756183366,Saída,2026-04-09 14:28,MURILLO,,,,QUARTA PARADA,TANGO,ORNAMENTAÇÃO,2,7,14,0,0,,ATIVO,,
1775819661860,Saída,2026-04-09 14:36,MURILLO,,,,QUARTA PARADA,ORQUÍDEA BRANCA,ORNAMENTAÇÃO,0,0,20,0,0,FOI PARA FABRICA,ATIVO,,
1775819832333,Saída,2026-04-10 08:14,MURILLO,,,,QUARTA PARADA,ROSAS BRANCAS,ORNAMENTAÇÃO,23,20,460,0,0,SAIU ONTEM ANOITE,ATIVO,,
1775819923945,Entrada,2026-04-10 08:17,MURILLO,,,,QUARTA PARADA,ROSA CHAMPANHE,VENDA LOJA,1,20,20,0,0,,ATIVO,,
1775819967585,Saída,2026-04-10 08:18,MURILLO,,,,QUARTA PARADA,ROSA AMARELA,ORNAMENTAÇÃO,3,20,60,0,0,,ATIVO,,
1775820014066,Saída,2026-04-10 08:19,MURILLO,,,,QUARTA PARADA,ROSAS VERMELHAS,ORNAMENTAÇÃO,4,20,80,0,0,,ATIVO,,
1775820047059,Saída,2026-04-10 08:20,MURILLO,,,,QUARTA PARADA,ROSAS PINK,ORNAMENTAÇÃO,4,20,80,0,0,,ATIVO,,
1775820150672,Saída,2026-04-10 08:20,MURILLO,,,,QUARTA PARADA,GIPSOFILA,ORNAMENTAÇÃO,7,8,56,0,0,,ATIVO,,
1775820184270,Entrada,2026-04-10 08:22,MURILLO,,,,QUARTA PARADA,GIPSOFILA,ORNAMENTAÇÃO,1,7,7,0,0,,ATIVO,,
1775820239279,Entrada,2026-04-10 08:23,MURILLO,,,,QUARTA PARADA,TANGO,ORNAMENTAÇÃO,30,6,180,0,0,,ATIVO,,
1775820286223,Saída,2026-04-10 08:23,MURILLO,,,,QUARTA PARADA,TANGO,ORNAMENTAÇÃO,2,5,10,0,0,,ATIVO,,
1775820340906,Saída,2026-04-10 08:24,MURILLO,,,,QUARTA PARADA,MARIANA,ORNAMENTAÇÃO,0,0,20,0,0,,ATIVO,,
1775820372649,Entrada,2026-04-10 08:25,MURILLO,,,,QUARTA PARADA,MARIANA,ORNAMENTAÇÃO,20,5,100,0,0,,ATIVO,,
1775820409829,Saída,2026-04-10 08:26,MURILLO,,,,QUARTA PARADA,LÍRIO BRANCO,ORNAMENTAÇÃO,0,0,1,0,0,,ATIVO,,
1775820426698,Saída,2026-04-10 08:26,MURILLO,,,,QUARTA PARADA,LÍRIO BRANCO,ORNAMENTAÇÃO,0,0,2,0,0,,ATIVO,,
1775820462086,Entrada,2026-04-10 08:27,MURILLO,,,,QUARTA PARADA,LÍRIO BRANCO,ORNAMENTAÇÃO,0,0,2,0,0,,ATIVO,,
1775820681798,Entrada,2026-04-10 08:27,MURILLO,,,,QUARTA PARADA,VASO DE CRISANTEMO BRANCO,VENDA LOJA,0,0,28,0,0,,ATIVO,,
1775820729975,Saída,2026-04-10 08:31,MURILLO,,,,QUARTA PARADA,VASO DE CRISANTEMO BRANCO,VENDA LOJA,0,0,4,0,0,,ATIVO,,
1775820767959,Entrada,2026-04-10 08:32,MURILLO,,,,QUARTA PARADA,VASO DE CRISANTEMO LARANJA,VENDA LOJA,0,0,2,0,0,,ATIVO,,
1775820802608,Entrada,2026-04-10 08:32,MURILLO,,,,QUARTA PARADA,VASO DE CRISANTEMO AMARELO,VENDA LOJA,0,0,1,0,0,,ATIVO,,
1775820860402,Entrada,2026-04-10 08:33,MURILLO,,,,QUARTA PARADA,VASO DE CRISANTREMOS ROXO,VENDA LOJA,0,0,3,0,0,,ATIVO,,
1775820924771,Entrada,2026-04-10 08:34,MURILLO,,,,QUARTA PARADA,VASO DE CRISANTEMO VERMELHO,VENDA LOJA,0,0,2,0,0,,ATIVO,,
1775820969244,Entrada,2026-04-10 08:35,MURILLO,,,,QUARTA PARADA,CRISANTREMOS BRANCOS,ORNAMENTAÇÃO,5,19,95,0,0,,ATIVO,,
1775830319213,Saída,2026-04-10 08:36,MURILLO,,,,QUARTA PARADA,ROSAS BRANCAS,ORNAMENTAÇÃO,4,20,80,0,0,,ATIVO,,
1775833672667,Saída,2026-04-10 11:11,MURILLO,,,,QUARTA PARADA,ROSA CHAMPANHE,VENDA LOJA,1,20,20,0,0,,ATIVO,,
1775908174025,Entrada,2026-04-10 12:07,MURILLO,,,,QUARTA PARADA,ROSAS BRANCAS,ORNAMENTAÇÃO,19,20,380,0,0,,ATIVO,,
1775908241074,Entrada,2026-04-11 08:49,MURILLO,,,,QUARTA PARADA,ROSA CHAMPANHE,VENDA LOJA,9,20,180,0,0,,ATIVO,,
1775908281353,Saída,2026-04-11 08:50,MURILLO,,,,QUARTA PARADA,ROSAS VERMELHAS,ORNAMENTAÇÃO,3,20,60,0,0,,ATIVO,,
1775908324840,Saída,2026-04-11 08:51,MURILLO,,,,QUARTA PARADA,ROSA AMARELA,ORNAMENTAÇÃO,7,20,140,0,0,,ATIVO,,
1775908350888,Entrada,2026-04-11 08:52,MURILLO,,,,QUARTA PARADA,ROSA AMARELA,ORNAMENTAÇÃO,6,20,120,0,0,,ATIVO,,
1775908401050,Saída,2026-04-11 08:52,MURILLO,,,,QUARTA PARADA,ROSAS PINK,ORNAMENTAÇÃO,3,20,60,0,0,,ATIVO,,
1775908492807,Saída,2026-04-11 08:53,MURILLO,,,,QUARTA PARADA,GIPSOFILA,ORNAMENTAÇÃO,15,5,75,0,0,,ATIVO,,
1775908516855,Saída,2026-04-11 08:54,MURILLO,,,,QUARTA PARADA,GIPSOFILA,ORNAMENTAÇÃO,4,5,20,0,0,,ATIVO,,
1775908542600,Saída,2026-04-11 08:55,MURILLO,,,,QUARTA PARADA,GIPSOFILA,ORNAMENTAÇÃO,1,5,5,0,0,,ATIVO,,
1775908577879,Saída,2026-04-11 08:55,MURILLO,,,,QUARTA PARADA,CRISANTREMOS BRANCOS,ORNAMENTAÇÃO,19,19,361,0,0,,ATIVO,,
1775908724591,Entrada,2026-04-11 08:56,MURILLO,,,,QUARTA PARADA,MARIANA,ORNAMENTAÇÃO,55,7,385,0,0,,ATIVO,,
1775908792239,Saída,2026-04-11 08:58,MURILLO,,,,QUARTA PARADA,MARIANA,ORNAMENTAÇÃO,14,7,98,0,0,,ATIVO,,
1775908826871,Entrada,2026-04-11 08:59,MURILLO,,,,QUARTA PARADA,MARIANA,ORNAMENTAÇÃO,12,7,84,0,0,,ATIVO,,
1775908873377,Saída,2026-04-11 09:00,MURILLO,,,,QUARTA PARADA,MARIANA,ORNAMENTAÇÃO,12,7,84,0,0,lancei errado,ATIVO,,
1775908895648,Entrada,2026-04-11 09:01,MURILLO,,,,QUARTA PARADA,TANGO,ORNAMENTAÇÃO,12,5,60,0,0,,ATIVO,,
1775908924352,Saída,2026-04-11 09:01,MURILLO,,,,QUARTA PARADA,TANGO,ORNAMENTAÇÃO,10,5,50,0,0,,ATIVO,,
1775908970008,Entrada,2026-04-11 09:02,MURILLO,,,,QUARTA PARADA,VASO DE CRISANTEMO BRANCO,VENDA LOJA,0,0,28,0,0,,ATIVO,,
1775909015057,Saída,2026-04-11 09:02,MURILLO,,,,QUARTA PARADA,VASO DE CRISANTEMO BRANCO,VENDA LOJA,0,0,29,0,0,,ATIVO,,
1775909120177,Saída,2026-04-11 09:03,MURILLO,,,,QUARTA PARADA,VASO DE CRISANTREMOS ROXO,VENDA LOJA,0,0,3,0,0,,ATIVO,,
1775911009722,Saída,2026-04-11 09:05,MURILLO,,,,QUARTA PARADA,MARIANA,ORNAMENTAÇÃO,1,7,7,0,0,,ATIVO,,
1775920959263,Saída,2026-04-11 09:36,MURILLO,,,,QUARTA PARADA,ROSAS BRANCAS,ORNAMENTAÇÃO,0,0,4,10,40,,ATIVO,,
1775920977991,Entrada,2026-04-11 12:22,MURILLO,,,,QUARTA PARADA,ROSAS BRANCAS,ORNAMENTAÇÃO,0,0,4,0,0,,ATIVO,,
1775924375140,Saída,2026-04-11 12:22,MURILLO,,,,QUARTA PARADA,VASO DE CRISANTEMO BRANCO,VENDA LOJA,0,0,2,40,80,,ATIVO,,
1775924459194,Saída,2026-04-11 13:19,MURILLO,,,,QUARTA PARADA,VASO DE CRISANTREMOS ROXO,VENDA LOJA,0,0,1,0,0,USEI PARA POR EM UMA COROA,ATIVO,,
1776180372962,Entrada,2026-04-11 13:20,MURILLO,COOPERFLORA,GABI,,QUARTA PARADA,ROSAS BRANCAS,ORNAMENTAÇÃO,49,20,980,0,0,,ATIVO,,
1776180416290,Saída,2026-04-14 12:26,MURILLO,,,,QUARTA PARADA,ROSA CHAMPANHE,VENDA LOJA,10,20,200,0,0,,ATIVO,,
1776180475145,Entrada,2026-04-14 12:26,MURILLO,COOPERFLORA,GABI,,QUARTA PARADA,ROSAS PINK,ORNAMENTAÇÃO,18,20,360,0,0,,ATIVO,,
1776180573268,Entrada,2026-04-14 12:27,MURILLO,COOPERFLORA,GABI,,QUARTA PARADA,ROSAS VERMELHAS,ORNAMENTAÇÃO,7,20,140,0,0,,ATIVO,,
1776180608619,Saída,2026-04-14 12:29,MURILLO,,,,QUARTA PARADA,ROSA AMARELA,ORNAMENTAÇÃO,6,20,120,0,0,,ATIVO,,
1776180681019,Saída,2026-04-14 12:30,MURILLO,,,,QUARTA PARADA,GIPSOFILA,ORNAMENTAÇÃO,12,5,60,0,0,,ATIVO,,
1776180748299,Saída,2026-04-14 12:31,MURILLO,,,,QUARTA PARADA,GIPSOFILA,ORNAMENTAÇÃO,4,5,20,0,0,,ATIVO,,
1776180775395,Saída,2026-04-14 12:32,MURILLO,,,,QUARTA PARADA,GIPSOFILA,ORNAMENTAÇÃO,1,5,5,0,0,,ATIVO,,
1776180831778,Saída,2026-04-14 12:32,MURILLO,,,,QUARTA PARADA,MARIANA,ORNAMENTAÇÃO,44,5,220,0,0,,ATIVO,,
1776180889076,Saída,2026-04-14 12:33,MURILLO,,,,QUARTA PARADA,MARIANA,ORNAMENTAÇÃO,12,7,84,0,0,,ATIVO,,
1776180994003,Saída,2026-04-14 12:34,MURILLO,,,,QUARTA PARADA,ROSA AMARELA,ORNAMENTAÇÃO,0,0,10,0,0,,ATIVO,,
1776181009517,Saída,2026-04-14 12:36,MURILLO,,,,QUARTA PARADA,ROSA CHAMPANHE,VENDA LOJA,0,0,10,0,0,,ATIVO,,
1776181079946,Saída,2026-04-14 12:36,MURILLO,,,,QUARTA PARADA,ROSA AMARELA,ORNAMENTAÇÃO,0,0,10,0,0,,ATIVO,,
1776181104595,Saída,2026-04-14 12:37,MURILLO,,,,QUARTA PARADA,ROSA AMARELA,ORNAMENTAÇÃO,0,0,7,0,0,,ATIVO,,
1776181137747,Saída,2026-04-14 12:38,MURILLO,,,,QUARTA PARADA,ROSA CHAMPANHE,ORNAMENTAÇÃO,0,0,10,0,0,,ATIVO,,
1776181295106,Saída,2026-04-14 12:38,MURILLO,,,,QUARTA PARADA,VASO DE CRISANTEMO BRANCO,VENDA LOJA,0,0,1,0,0,,ATIVO,,
1776181337530,Entrada,2026-04-14 12:41,MURILLO,,,,QUARTA PARADA,VASO DE CRISANTEMO BRANCO,VENDA LOJA,0,0,1,0,0,,ATIVO,,
1776181433132,Saída,2026-04-14 12:42,MURILLO,,,,QUARTA PARADA,VASO DE CRISANTEMO VERMELHO,VENDA LOJA,0,0,1,0,0,,ATIVO,,
1776181456346,Saída,2026-04-14 12:43,MURILLO,,,,QUARTA PARADA,VASO DE CRISANTEMO AMARELO,VENDA LOJA,0,0,2,0,0,,ATIVO,,
1776181507420,Saída,2026-04-14 12:44,MURILLO,,,,QUARTA PARADA,VASO DE CRISANTEMO LARANJA,VENDA LOJA,0,0,3,0,0,,ATIVO,,
1776181633107,Entrada,2026-04-14 12:45,MURILLO,COOPERFLORA,GABI,,QUARTA PARADA,GERBÉRA LARANJA,VENDA LOJA,0,0,24,0,0,,ATIVO,,
1776181666188,Entrada,2026-04-14 12:47,MURILLO,COOPERFLORA,GABI,,QUARTA PARADA,GERBÉRA VERMELHA,VENDA LOJA,0,0,12,0,0,,ATIVO,,
1776181692539,Entrada,2026-04-14 12:47,MURILLO,COOPERFLORA,GABI,,QUARTA PARADA,GERBÉRA ROXA,VENDA LOJA,0,0,12,0,0,,ATIVO,,
1776181712972,Entrada,2026-04-14 12:48,MURILLO,COOPERFLORA,GABI,,QUARTA PARADA,GERBÉRA ROSA,VENDA LOJA,0,0,24,0,0,,ATIVO,,
1776181762588,Saída,2026-04-14 12:48,MURILLO,,,,QUARTA PARADA,ROSAS BRANCAS,ORNAMENTAÇÃO,1,20,20,0,0,,ATIVO,,
1776181788333,Saída,2026-04-14 12:49,MURILLO,,,,QUARTA PARADA,ROSA CHAMPANHE,VENDA LOJA,1,20,20,0,0,,ATIVO,,
1776181808814,Saída,2026-04-14 12:49,MURILLO,,,,QUARTA PARADA,ROSAS VERMELHAS,ORNAMENTAÇÃO,1,20,20,0,0,,ATIVO,,
1776188729212,Saída,2026-04-14 12:50,MURILLO,,,,QUARTA PARADA,VASO DE CRISANTEMO BRANCO,VENDA LOJA,0,0,10,0,0,INDO PARA FABRICA,ATIVO,,
1776188752811,Saída,2026-04-14 14:45,MURILLO,,,,QUARTA PARADA,VASO DE CRISANTEMO LARANJA,VENDA LOJA,0,0,1,0,0,Saindo para a fabrica,ATIVO,,
1776188825629,Entrada,2026-04-14 14:45,MURILLO,,,,QUARTA PARADA,VASO DE CRISANTEMO BRANCO,VENDA LOJA,0,0,2,0,0,,ATIVO,,
1776188938349,Entrada,2026-04-14 14:47,MURILLO,,,,QUARTA PARADA,CRISANTREMOS BRANCOS,ORNAMENTAÇÃO,30,19,570,0,0,,ATIVO,,
1776188972684,Saída,2026-04-14 14:48,MURILLO,,,,QUARTA PARADA,CRISANTREMOS BRANCOS,ORNAMENTAÇÃO,6,19,114,0,0,,ATIVO,,
1776268597546,Saída,2026-04-14 14:49,MURILLO,,,,QUARTA PARADA,ROSAS BRANCAS,ORNAMENTAÇÃO,23,20,460,0,0,,ATIVO,,
1776332551579,Saída,2026-04-15 12:56,MURILLO,,,,QUARTA PARADA,ROSAS BRANCAS,ORNAMENTAÇÃO,3,20,60,0,0,,ATIVO,,
1776332606563,Saída,2026-04-16 06:42,MURILLO,,,,QUARTA PARADA,ROSAS VERMELHAS,ORNAMENTAÇÃO,6,20,120,0,0,,ATIVO,,
1776332647946,Saída,2026-04-16 06:43,MURILLO,,,,QUARTA PARADA,ROSAS PINK,ORNAMENTAÇÃO,5,20,100,0,0,,ATIVO,,
1776332677114,Saída,2026-04-16 06:44,MURILLO,,,,QUARTA PARADA,ROSA CHAMPANHE,VENDA LOJA,2,20,40,0,0,,ATIVO,,
1776332741041,Saída,2026-04-16 06:44,MURILLO,,,,QUARTA PARADA,GIPSOFILA,ORNAMENTAÇÃO,16,5,80,0,0,,ATIVO,,
1776332782385,Saída,2026-04-16 06:45,MURILLO,,,,QUARTA PARADA,GIPSOFILA,ORNAMENTAÇÃO,5,7,35,0,0,,ATIVO,,
1776332825655,Saída,2026-04-16 06:46,MURILLO,,,,QUARTA PARADA,CRISANTREMOS BRANCOS,ORNAMENTAÇÃO,25,19,475,0,0,,ATIVO,,
1776332875584,Saída,2026-04-16 06:47,MURILLO,,,,QUARTA PARADA,VASO DE CRISANTEMO BRANCO,VENDA LOJA,0,0,6,0,0,,ATIVO,,
1776332912394,Entrada,2026-04-16 06:47,MURILLO,,,,QUARTA PARADA,VASO DE CRISANTREMOS ROXO,VENDA LOJA,0,0,2,0,0,,ATIVO,,
1776332941599,Entrada,2026-04-16 06:48,MURILLO,,,,QUARTA PARADA,VASO DE CRISANTEMO AMARELO,VENDA LOJA,0,0,1,0,0,,ATIVO,,
1776339575389,Entrada,2026-04-16 06:49,MURILLO,COOPERFLORA,MURILLO,,QUARTA PARADA,ROSAS BRANCAS,ORNAMENTAÇÃO,40,20,800,0,0,,ATIVO,,
1776339614829,Entrada,2026-04-16 08:39,MURILLO,COOPERFLORA,MURILLO,,QUARTA PARADA,ROSA CHAMPANHE,VENDA LOJA,25,20,500,0,0,,ATIVO,,
1776339637902,Entrada,2026-04-16 08:40,MURILLO,COOPERFLORA,MURILLO,,QUARTA PARADA,ROSAS PINK,ORNAMENTAÇÃO,12,20,240,0,0,,ATIVO,,
1776339663348,Entrada,2026-04-16 08:40,MURILLO,COOPERFLORA,MURILLO,,QUARTA PARADA,ROSAS VERMELHAS,ORNAMENTAÇÃO,15,20,300,0,0,,ATIVO,,
1776339693901,Entrada,2026-04-16 08:41,MURILLO,COOPERFLORA,MURILLO,,QUARTA PARADA,ROSA AMARELA,ORNAMENTAÇÃO,5,20,100,0,0,,ATIVO,,
1776339752188,Entrada,2026-04-16 08:41,MURILLO,COOPERFLORA,MURILLO,,QUARTA PARADA,GIPSOFILA,ORNAMENTAÇÃO,96,6,576,0,0,,ATIVO,,
1776339850685,Saída,2026-04-16 08:42,MURILLO,,,,QUARTA PARADA,LÍRIO BRANCO,ORNAMENTAÇÃO,0,0,23,0,0,,ATIVO,,
1776339891783,Saída,2026-04-16 08:44,MURILLO,,,,QUARTA PARADA,LISIANTUS BRANCOS,ORNAMENTAÇÃO,4,36,144,0,0,,ATIVO,,
1776339916884,Saída,2026-04-16 08:44,MURILLO,,,,QUARTA PARADA,LISIANTUS BRANCOS,ORNAMENTAÇÃO,0,0,3,0,0,,ATIVO,,
1776339963014,Entrada,2026-04-16 08:45,MURILLO,COOPERFLORA,MURILLO,,QUARTA PARADA,LISIANTUS BRANCOS,ORNAMENTAÇÃO,4,36,144,0,0,,ATIVO,,
1776340118932,Saída,2026-04-16 08:46,MURILLO,,,,QUARTA PARADA,MARIANA,ORNAMENTAÇÃO,0,0,76,0,0,,ATIVO,,
1776340198286,Saída,2026-04-16 08:48,MURILLO,,,,QUARTA PARADA,TANGO,ORNAMENTAÇÃO,0,0,271,0,0,,ATIVO,,
1776360939654,Saída,2026-04-16 08:49,MURILLO,,,,QUARTA PARADA,GIPSOFILA,ORNAMENTAÇÃO,47,6,282,0,0,,ATIVO,,
1776360981973,Saída,2026-04-16 14:35,MURILLO,,,,QUARTA PARADA,LISIANTUS BRANCOS,ORNAMENTAÇÃO,0,0,36,0,0,,ATIVO,,
1776422828320,Saída,2026-04-16 14:36,MURILLO,,,,QUARTA PARADA,ROSAS BRANCAS,ORNAMENTAÇÃO,29,20,580,0,0,,ATIVO,,
1776422917282,Saída,2026-04-17 07:47,MURILLO,,,,QUARTA PARADA,ROSA CHAMPANHE,VENDA LOJA,11,20,220,0,0,,ATIVO,,
1776422958359,Saída,2026-04-17 07:48,MURILLO,,,,QUARTA PARADA,ROSAS PINK,ORNAMENTAÇÃO,10,20,200,0,0,,ATIVO,,
1776423005790,Saída,2026-04-17 07:49,MURILLO,,,,QUARTA PARADA,ROSAS VERMELHAS,ORNAMENTAÇÃO,8,20,160,0,0,,ATIVO,,
1776423060867,Entrada,2026-04-17 07:50,MURILLO,,,,QUARTA PARADA,TANGO,ORNAMENTAÇÃO,137,6,822,0,0,,ATIVO,,
1776423091315,Entrada,2026-04-17 07:51,MURILLO,,,,QUARTA PARADA,MARIANA,ORNAMENTAÇÃO,30,6,180,0,0,,ATIVO,,
1776423233397,Saída,2026-04-17 07:51,MURILLO,,,,QUARTA PARADA,GIPSOFILA,ORNAMENTAÇÃO,6,6,36,0,0,,ATIVO,,
1776423271678,Entrada,2026-04-17 07:53,MURILLO,,,,QUARTA PARADA,CRISANTREMOS BRANCOS,ORNAMENTAÇÃO,12,19,228,0,0,,ATIVO,,
1776423379794,Saída,2026-04-17 07:54,MURILLO,,,,QUARTA PARADA,GERBÉRA LARANJA,VENDA LOJA,0,0,24,0,0,,ATIVO,,
1776423397339,Saída,2026-04-17 07:56,MURILLO,,,,QUARTA PARADA,GERBÉRA ROSA,VENDA LOJA,0,0,24,0,0,,ATIVO,,
1776423418255,Saída,2026-04-17 07:56,MURILLO,,,,QUARTA PARADA,GERBÉRA ROXA,VENDA LOJA,0,0,12,0,0,,ATIVO,,
1776423429753,Saída,2026-04-17 07:56,MURILLO,,,,QUARTA PARADA,GERBÉRA VERMELHA,VENDA LOJA,0,0,12,0,0,,ATIVO,,
1776423510942,Saída,2026-04-17 07:57,MURILLO,,,,QUARTA PARADA,VASO DE CRISANTEMO BRANCO,VENDA LOJA,0,0,7,0,0,,ATIVO,,
1776423565932,Saída,2026-04-17 07:58,MURILLO,,,,QUARTA PARADA,VASO DE CRISANTEMO VERMELHO,VENDA LOJA,0,0,1,0,0,,ATIVO,,
1776423579503,Saída,2026-04-17 07:59,MURILLO,,,,QUARTA PARADA,VASO DE CRISANTREMOS MISTO,VENDA LOJA,0,0,1,0,0,,ATIVO,,
1776448424764,Saída,2026-04-17 08:01,MURILLO,,,,QUARTA PARADA,CRISANTREMOS BRANCOS,ORNAMENTAÇÃO,16,19,304,0,0,,ATIVO,,
1776448445116,Entrada,2026-04-17 14:53,MURILLO,,,,QUARTA PARADA,CRISANTREMOS BRANCOS,ORNAMENTAÇÃO,116,19,2204,0,0,,ATIVO,,
1776512878356,Saída,2026-04-17 14:54,MURILLO,,,,QUARTA PARADA,ROSA CHAMPANHE,VENDA LOJA,2,20,40,0,0,,ATIVO,,
1776512919114,Saída,2026-04-18 08:47,MURILLO,,,,QUARTA PARADA,ROSAS BRANCAS,ORNAMENTAÇÃO,8,20,160,0,0,,ATIVO,,
1776512948497,Saída,2026-04-18 08:48,MURILLO,,,,QUARTA PARADA,ROSAS VERMELHAS,ORNAMENTAÇÃO,3,20,60,0,0,,ATIVO,,
1776512986139,Saída,2026-04-18 08:49,MURILLO,,,,QUARTA PARADA,ROSA AMARELA,ORNAMENTAÇÃO,2,20,40,0,0,,ATIVO,,
1776513012970,Saída,2026-04-18 08:49,MURILLO,,,,QUARTA PARADA,ROSAS PINK,ORNAMENTAÇÃO,4,20,80,0,0,,ATIVO,,
1776513042954,Saída,2026-04-18 08:50,MURILLO,,,,QUARTA PARADA,CRISANTREMOS BRANCOS,ORNAMENTAÇÃO,16,19,304,0,0,,ATIVO,,
1776513085569,Saída,2026-04-18 08:50,MURILLO,,,,QUARTA PARADA,GIPSOFILA,ORNAMENTAÇÃO,5,6,30,0,0,,ATIVO,,
1776513118848,Saída,2026-04-18 08:51,MURILLO,,,,QUARTA PARADA,TANGO,ORNAMENTAÇÃO,20,6,120,0,0,,ATIVO,,
1776513154233,Entrada,2026-04-18 08:51,MURILLO,,,,QUARTA PARADA,MARIANA,ORNAMENTAÇÃO,28,6,168,0,0,,ATIVO,,
1776513198009,Saída,2026-04-18 08:52,MURILLO,,,,QUARTA PARADA,VASO DE CRISANTREMOS ROXO,VENDA LOJA,0,0,4,0,0,,ATIVO,,
1776513211977,Saída,2026-04-18 08:53,MURILLO,,,,QUARTA PARADA,VASO DE CRISANTEMO BRANCO,VENDA LOJA,0,0,4,0,0,,ATIVO,,
1776513243555,Saída,2026-04-18 08:53,MURILLO,,,,QUARTA PARADA,VASO DE CRISANTEMO AMARELO,VENDA LOJA,0,0,1,0,0,,ATIVO,,
1776513784562,Saída,2026-04-18 08:54,MURILLO,,,,QUARTA PARADA,ROSAS BRANCAS,ORNAMENTAÇÃO,1,20,20,0,0,,ATIVO,,
1776691598146,Saída,2026-04-18 09:03,MURILLO,,,,QUARTA PARADA,ROSAS BRANCAS,ORNAMENTAÇÃO,36,20,720,0,0,,ATIVO,,
1776691652575,Saída,2026-04-20 10:26,MURILLO,,,,QUARTA PARADA,ROSA CHAMPANHE,VENDA LOJA,3,20,60,0,0,,ATIVO,,
1776691696709,Saída,2026-04-20 10:27,MURILLO,,,,QUARTA PARADA,ROSAS PINK,ORNAMENTAÇÃO,5,20,100,0,0,,ATIVO,,
1776691752831,Saída,2026-04-20 10:28,MURILLO,,,,QUARTA PARADA,ROSAS VERMELHAS,ORNAMENTAÇÃO,8,20,160,0,0,,ATIVO,,
1776691793101,Saída,2026-04-20 10:29,MURILLO,,,,QUARTA PARADA,MARIANA,ORNAMENTAÇÃO,16,6,96,0,0,,ATIVO,,
1776691838867,Saída,2026-04-20 10:29,MURILLO,,,,QUARTA PARADA,TANGO,ORNAMENTAÇÃO,86,6,516,0,0,,ATIVO,,
1776691935540,Entrada,2026-04-20 10:30,MURILLO,,,,QUARTA PARADA,VASO DE CRISANTEMO AMARELO,VENDA LOJA,0,0,2,0,0,,ATIVO,,
1776691960432,Entrada,2026-04-20 10:32,MURILLO,,,,QUARTA PARADA,VASO DE CRISANTEMO BRANCO,VENDA LOJA,0,0,2,0,0,,ATIVO,,
1776691983727,Entrada,2026-04-20 10:32,MURILLO,,,,QUARTA PARADA,VASO DE CRISANTEMO VERMELHO,VENDA LOJA,0,0,3,0,0,,ATIVO,,
1776692008488,Entrada,2026-04-20 10:33,MURILLO,,,,QUARTA PARADA,VASO DE CRISANTREMOS ROXO,VENDA LOJA,0,0,1,0,0,,ATIVO,,
1776692032867,Saída,2026-04-20 10:33,MURILLO,,,,QUARTA PARADA,ROSA CHAMPANHE,VENDA LOJA,2,20,40,0,0,,ATIVO,,
1776716345167,Entrada,2026-04-20 10:33,MURILLO,,,,QUARTA PARADA,CRISANTREMOS BRANCOS,ORNAMENTAÇÃO,25,20,500,0,0,,ATIVO,,
1776716370983,Saída,2026-04-20 17:19,MURILLO,,,,QUARTA PARADA,TANGO,ORNAMENTAÇÃO,10,6,60,0,0,,ATIVO,,
1776716398007,Saída,2026-04-20 17:19,MURILLO,,,,QUARTA PARADA,ROSA CHAMPANHE,VENDA LOJA,3,20,60,0,0,,ATIVO,,
1776716434582,Entrada,2026-04-20 17:19,MURILLO,,,,QUARTA PARADA,ROSAS BRANCAS,ORNAMENTAÇÃO,26,20,520,0,0,,ATIVO,,
1776716483102,Entrada,2026-04-20 17:20,MURILLO,,,,QUARTA PARADA,ROSAS PINK,ORNAMENTAÇÃO,8,20,160,0,0,,ATIVO,,
1776716512376,Entrada,2026-04-20 17:21,MURILLO,,,,QUARTA PARADA,ROSAS VERMELHAS,ORNAMENTAÇÃO,3,20,60,0,0,,ATIVO,,
1776849847923,Saída,2026-04-20 17:21,MURILLO,,,,QUARTA PARADA,CRISANTREMOS BRANCOS,ORNAMENTAÇÃO,120,19,2280,0,0,,ATIVO,,
1776849891129,Entrada,2026-04-22 06:24,MURILLO,,,,QUARTA PARADA,GIPSOFILA,ORNAMENTAÇÃO,31,6,186,0,0,,ATIVO,,
1776849922566,Saída,2026-04-22 06:24,MURILLO,,,,QUARTA PARADA,ROSAS BRANCAS,ORNAMENTAÇÃO,15,20,300,0,0,,ATIVO,,
1776849961401,Saída,2026-04-22 06:25,MURILLO,,,,QUARTA PARADA,ROSAS BRANCAS,ORNAMENTAÇÃO,3,20,60,0,0,,ATIVO,,
1776849984569,Entrada,2026-04-22 06:26,MURILLO,,,,QUARTA PARADA,VASO DE CRISANTEMO BRANCO,VENDA LOJA,0,0,2,0,0,,ATIVO,,
1776850006947,Saída,2026-04-22 06:26,MURILLO,,,,QUARTA PARADA,VASO DE CRISANTEMO VERMELHO,VENDA LOJA,0,0,1,0,0,,ATIVO,,
1776850077729,Saída,2026-04-22 06:26,MURILLO,,,,QUARTA PARADA,ROSAS PINK,ORNAMENTAÇÃO,7,20,140,0,0,,ATIVO,,
1776852213984,Saída,2026-04-22 06:27,MURILLO,,,,QUARTA PARADA,CRISANTREMOS BRANCOS,ORNAMENTAÇÃO,6,19,114,0,0,,ATIVO,,
1776852233017,Saída,2026-04-22 07:03,MURILLO,,,,QUARTA PARADA,CRISANTREMOS BRANCOS,ORNAMENTAÇÃO,1,19,19,0,0,,ATIVO,,
1776852262104,Saída,2026-04-22 07:03,MURILLO,,,,QUARTA PARADA,LISIANTUS BRANCOS,ORNAMENTAÇÃO,3,36,108,0,0,,ATIVO,,
1776945771626,Entrada,2026-04-23T12:02:51.625Z,MURILLO,,,MURILLO,LOJA,ROSAS BRANCAS,ORNAMENTAÇÃO,0,0,1,0,0,Movimentação ← QUARTA PARADA,ATIVO,,
1776945771626,Saída,2026-04-23T12:02:51.625Z,MURILLO,,,MURILLO,QUARTA PARADA,ROSAS BRANCAS,ORNAMENTAÇÃO,0,0,1,0,0,Movimentação → LOJA,ATIVO,,
1776958868419,Entrada,2026-04-23 12:40,MURILLO,,,,QUARTA PARADA,TANGO,ORNAMENTAÇÃO,22,6,132,0,0,,ATIVO,,
1776958918899,Entrada,2026-04-23 12:41,MURILLO,,,,QUARTA PARADA,MARIANA,ORNAMENTAÇÃO,18,6,108,0,0,,ATIVO,,
1776958816966,Entrada,2026-04-23 08:55,MURILLO,COOPERFLORA,,,QUARTA PARADA,CRISANTREMOS BRANCOS,ORNAMENTAÇÃO,96,19,1824,0,0,,ATIVO,,
1776958966842,Entrada,2026-04-23 12:41,MURILLO,COOPERFLORA,,,QUARTA PARADA,GIPSOFILA,ORNAMENTAÇÃO,0,0,64,"0,09",6,,ATIVO,,
1776959017395,Entrada,2026-04-23 12:42,MURILLO,COOPERFLORA,,,QUARTA PARADA,GIPSOFILA,ORNAMENTAÇÃO,53,7,371,0,0,,ATIVO,,
1776959059490,Entrada,2026-04-23 12:43,MURILLO,COOPERFLORA,,,QUARTA PARADA,GIPSOFILA,ORNAMENTAÇÃO,14,7,98,0,0,,ATIVO,,
1776959111828,Entrada,2026-04-23 12:44,MURILLO,COOPERFLORA,,,QUARTA PARADA,ROSAS BRANCAS,ORNAMENTAÇÃO,30,20,600,0,0,,ATIVO,,
1776959167251,Entrada,2026-04-23 12:45,MURILLO,COOPERFLORA,,,QUARTA PARADA,ROSA CHAMPANHE,VENDA LOJA,18,20,360,0,0,,ATIVO,,
1776959234874,Entrada,2026-04-23 12:46,MURILLO,COOPERFLORA,,,QUARTA PARADA,ROSAS VERMELHAS,ORNAMENTAÇÃO,11,20,220,0,0,,ATIVO,,
1776959234874,Entrada,2026-04-23 12:46,MURILLO,COOPERFLORA,,,QUARTA PARADA,ROSAS VERMELHAS,ORNAMENTAÇÃO,11,20,220,0,0,,ATIVO,,
1776959275418,Entrada,2026-04-23 12:47,MURILLO,COOPERFLORA,,,QUARTA PARADA,ROSA AMARELA,ORNAMENTAÇÃO,12,20,240,0,0,,ATIVO,,
1776959312948,Saída,2026-04-23 12:47,MURILLO,,,,QUARTA PARADA,VASO DE CRISANTEMO BRANCO,VENDA LOJA,0,0,4,0,0,,ATIVO,,
1776959357267,Saída,2026-04-23 12:48,MURILLO,,,,QUARTA PARADA,VASO DE CRISANTEMO VERMELHO,VENDA LOJA,0,0,2,0,0,,ATIVO,,
1776959381021,Saída,2026-04-23 12:49,MURILLO,,,,QUARTA PARADA,VASO DE CRISANTREMOS ROXO,VENDA LOJA,0,0,1,0,0,,ATIVO,,
1777038705003,Saída,2026-04-23 12:49,MURILLO,,,,QUARTA PARADA,ROSAS BRANCAS,ORNAMENTAÇÃO,17,20,340,0,0,,ATIVO,,
1777038740589,Saída,2026-04-24 10:51,MURILLO,,,,QUARTA PARADA,ROSA CHAMPANHE,VENDA LOJA,1,20,20,0,0,,ATIVO,,
1777038813605,Saída,2026-04-24 10:52,MURILLO,,,,QUARTA PARADA,ROSAS PINK,ORNAMENTAÇÃO,3,20,60,0,0,,ATIVO,,
1777038901996,Saída,2026-04-24 10:53,MURILLO,,,,QUARTA PARADA,ROSAS VERMELHAS,ORNAMENTAÇÃO,14,20,280,0,0,,ATIVO,,
1777039371667,Saída,2026-04-24 10:55,MURILLO,,,,QUARTA PARADA,ROSA AMARELA,ORNAMENTAÇÃO,1,20,20,0,0,,ATIVO,,
1777039447979,Saída,2026-04-24 11:02,MURILLO,,,,QUARTA PARADA,GIPSOFILA,ORNAMENTAÇÃO,62,7,434,0,0,,ATIVO,,
1777039486050,Saída,2026-04-24 11:04,MURILLO,,,,QUARTA PARADA,CRISANTREMOS BRANCOS,ORNAMENTAÇÃO,41,19,779,0,0,,ATIVO,,
1777039571427,Saída,2026-04-24 11:04,MURILLO,,,,QUARTA PARADA,TANGO,ORNAMENTAÇÃO,20,6,120,0,0,,ATIVO,,
1777039630173,Entrada,2026-04-24 11:06,MURILLO,COOPERFLORA,,,QUARTA PARADA,LISIANTUS BRANCOS,ORNAMENTAÇÃO,3,36,108,0,0,CHEGOU DIA 23/04,ATIVO,,
1777039667732,Entrada,2026-04-24 11:07,MURILLO,,,,QUARTA PARADA,VASO DE CRISANTEMO BRANCO,VENDA LOJA,0,0,2,0,0,,ATIVO,,
1777039715164,Entrada,2026-04-24 11:07,MURILLO,,,,QUARTA PARADA,VASO DE CRISANTREMOS ROXO,VENDA LOJA,0,0,1,0,0,,ATIVO,,
1777039740386,Entrada,2026-04-24 11:08,MURILLO,,,,QUARTA PARADA,VASO DE CRISANTEMO LARANJA,VENDA LOJA,0,0,2,0,0,,ATIVO,,
1777112223109,Saída,2026-04-24 11:09,MURILLO,,,,QUARTA PARADA,ROSAS BRANCAS,ORNAMENTAÇÃO,4,20,80,0,0,,ATIVO,,
1777112268155,Saída,2026-04-25 07:17,MURILLO,,,,QUARTA PARADA,ROSA CHAMPANHE,VENDA LOJA,4,20,80,0,0,,ATIVO,,
1777112307946,Saída,2026-04-25 07:17,MURILLO,,,,QUARTA PARADA,ROSAS VERMELHAS,ORNAMENTAÇÃO,4,20,80,0,0,,ATIVO,,
1777112352709,Saída,2026-04-25 07:18,MURILLO,,,,QUARTA PARADA,ROSAS PINK,ORNAMENTAÇÃO,4,20,80,0,0,,ATIVO,,
1777112387988,Saída,2026-04-25 07:19,MURILLO,,,,QUARTA PARADA,GIPSOFILA,ORNAMENTAÇÃO,3,7,21,0,0,,ATIVO,,
1777112418147,Saída,2026-04-25 07:19,MURILLO,,,,QUARTA PARADA,CRISANTREMOS BRANCOS,ORNAMENTAÇÃO,14,19,266,0,0,,ATIVO,,
1777112454052,Saída,2026-04-25 07:20,MURILLO,,,,QUARTA PARADA,TANGO,ORNAMENTAÇÃO,12,6,72,0,0,,ATIVO,,
1777112484819,Entrada,2026-04-25 07:20,MURILLO,,,,QUARTA PARADA,VASO DE CRISANTEMO BRANCO,VENDA LOJA,0,0,4,0,0,,ATIVO,,
1777112522603,Entrada,2026-04-25 07:21,MURILLO,,,,QUARTA PARADA,VASO DE CRISANTREMOS ROXO,VENDA LOJA,0,0,1,0,0,,ATIVO,,
1777112549250,Entrada,2026-04-25 07:22,MURILLO,,,,QUARTA PARADA,VASO DE CRISANTEMO LARANJA,VENDA LOJA,0,0,1,0,0,,ATIVO,,
1777125725598,Entrada,2026-04-25T14:02:05.598Z,MURILLO,,,MURILLO,LOJA,ROSAS BRANCAS,ORNAMENTAÇÃO,0,0,20,0,0,Movimentação ← QUARTA PARADA,ATIVO,,
1777125725598,Saída,2026-04-25T14:02:05.598Z,MURILLO,,,MURILLO,QUARTA PARADA,ROSAS BRANCAS,ORNAMENTAÇÃO,0,0,20,0,0,Movimentação → LOJA,ATIVO,,
1777125758961,Saída,2026-04-25T14:02:38.960Z,MURILLO,,,MURILLO,QUARTA PARADA,ROSA CHAMPANHE,VENDA LOJA,0,0,21,0,0,Movimentação → LOJA,ATIVO,,
1777125758960,Entrada,2026-04-25T14:02:38.960Z,MURILLO,,,MURILLO,LOJA,ROSA CHAMPANHE,VENDA LOJA,0,0,21,0,0,Movimentação ← QUARTA PARADA,ATIVO,,
1777125788719,Entrada,2026-04-25T14:03:08.718Z,MURILLO,,,MURILLO,LOJA,ROSAS PINK,ORNAMENTAÇÃO,0,0,40,0,0,Movimentação ← QUARTA PARADA,ATIVO,,
1777125788719,Saída,2026-04-25T14:03:08.718Z,MURILLO,,,MURILLO,QUARTA PARADA,ROSAS PINK,ORNAMENTAÇÃO,0,0,40,0,0,Movimentação → LOJA,ATIVO,,
1777125803768,Saída,2026-04-25T14:03:23.766Z,MURILLO,,,MURILLO,QUARTA PARADA,ROSAS VERMELHAS,ORNAMENTAÇÃO,0,0,20,0,0,Movimentação → LOJA,ATIVO,,
1777125803768,Entrada,2026-04-25T14:03:23.766Z,MURILLO,,,MURILLO,LOJA,ROSAS VERMELHAS,ORNAMENTAÇÃO,0,0,20,0,0,Movimentação ← QUARTA PARADA,ATIVO,,
1777125815443,Saída,2026-04-25T14:03:35.443Z,MURILLO,,,MURILLO,QUARTA PARADA,ROSA AMARELA,ORNAMENTAÇÃO,0,0,20,0,0,Movimentação → LOJA,ATIVO,,
1777125815443,Entrada,2026-04-25T14:03:35.443Z,MURILLO,,,MURILLO,LOJA,ROSA AMARELA,ORNAMENTAÇÃO,0,0,20,0,0,Movimentação ← QUARTA PARADA,ATIVO,,
1777125847832,Saída,2026-04-25T14:04:07.831Z,MURILLO,,,MURILLO,LOJA,ROSAS PINK,ORNAMENTAÇÃO,0,0,1,0,0,Baixa rápida: Venda,ATIVO,,
1777125881673,Saída,2026-04-25T14:04:41.672Z,MURILLO,,,MURILLO,LOJA,ROSA CHAMPANHE,VENDA LOJA,0,0,1,0,0,Baixa rápida: Venda,ATIVO,,
1777125897409,Saída,2026-04-25T14:04:57.408Z,MURILLO,,,MURILLO,LOJA,ROSAS BRANCAS,ORNAMENTAÇÃO,0,0,3,0,0,Baixa rápida: Venda,ATIVO,,
1777136830206,Saída,2026-04-25 07:22,GABI,,,,QUARTA PARADA,CRISANTREMOS BRANCOS,ORNAMENTAÇÃO,2,19,38,0,0,,ATIVO,,
1777138268890,Entrada,2026-04-25 14:08,GABI,,,,QUARTA PARADA,CRISANTREMOS BRANCOS,ORNAMENTAÇÃO,2,19,38,0,0,,ATIVO,,
1777143028911,Saída,2026-04-25 14:31,GABI,,,,QUARTA PARADA,CRISANTREMOS BRANCOS,ORNAMENTAÇÃO,15,19,285,0,0,,ATIVO,,
1777143841425,Saída,2026-04-25 15:50,GABI,,,,QUARTA PARADA,TANGO,ORNAMENTAÇÃO,5,6,30,0,0,,ATIVO,,
1777143896481,Entrada,2026-04-25 16:04,GABI,,,,QUARTA PARADA,GIPSOFILA,ORNAMENTAÇÃO,0,0,1,7,7,,ATIVO,,
1777143992977,Entrada,2026-04-25 16:04,GABI,,,,QUARTA PARADA,ROSAS VERMELHAS,ORNAMENTAÇÃO,0,0,15,0,0,,ATIVO,,
1777144031225,Entrada,2026-04-25 16:06,GABI,,,,QUARTA PARADA,ROSAS PINK,ORNAMENTAÇÃO,0,0,10,0,0,,ATIVO,,
1777381240704,Saída,2026-04-28 16:07,MURILLO,,,,QUARTA PARADA,ROSAS BRANCAS,ORNAMENTAÇÃO,9,20,180,0,0,,ATIVO,,
1777381823367,Entrada,2026-04-28 10:00,MURILLO,,,,QUARTA PARADA,ROSA CHAMPANHE,VENDA LOJA,1,20,20,0,0,,ATIVO,,
1777381875552,Entrada,2026-04-28 10:10,MURILLO,,,,QUARTA PARADA,ROSA AMARELA,ORNAMENTAÇÃO,1,20,20,0,0,,ATIVO,,
1777381910799,Saída,2026-04-28 10:11,MURILLO,,,,QUARTA PARADA,ROSAS VERMELHAS,ORNAMENTAÇÃO,5,20,100,0,0,,ATIVO,,
1777381940226,Entrada,2026-04-28 10:11,MURILLO,,,,QUARTA PARADA,ROSAS PINK,ORNAMENTAÇÃO,12,20,240,0,0,,ATIVO,,
1777381975224,Entrada,2026-04-28 10:12,MURILLO,,,,QUARTA PARADA,GIPSOFILA,ORNAMENTAÇÃO,6,7,42,0,0,,ATIVO,,
1777382002760,Saída,2026-04-28 10:12,MURILLO,,,,QUARTA PARADA,MARIANA,ORNAMENTAÇÃO,20,6,120,0,0,,ATIVO,,
1777382031896,Entrada,2026-04-28 10:13,MURILLO,,,,QUARTA PARADA,TANGO,ORNAMENTAÇÃO,52,6,312,0,0,,ATIVO,,
1777382059321,Saída,2026-04-28 10:13,MURILLO,,,,QUARTA PARADA,CRISANTREMOS BRANCOS,ORNAMENTAÇÃO,23,19,437,0,0,,ATIVO,,
1777382086976,Saída,2026-04-28 10:14,MURILLO,,,,QUARTA PARADA,LISIANTUS BRANCOS,ORNAMENTAÇÃO,3,36,108,0,0,,ATIVO,,
1777384288558,Entrada,2026-04-28 10:14,MURILLO,,,,QUARTA PARADA,VASO DE CRISANTREMOS MISTO,VENDA LOJA,0,0,1,0,0,,ATIVO,,
1777384301493,Entrada,2026-04-28 10:51,MURILLO,,,,QUARTA PARADA,VASO DE CRISANTEMO BRANCO,VENDA LOJA,0,0,3,0,0,,ATIVO,,
1777464250867,Saída,2026-04-28 10:51,MURILLO,,,,QUARTA PARADA,MARIANA,ORNAMENTAÇÃO,20,6,120,0,0,,ATIVO,,
1777464277515,Saída,2026-04-29 09:04,MURILLO,,,,QUARTA PARADA,TANGO,ORNAMENTAÇÃO,13,6,78,0,0,,ATIVO,,
1777464325810,Saída,2026-04-29 09:04,MURILLO,,,,QUARTA PARADA,GIPSOFILA,ORNAMENTAÇÃO,13,7,91,0,0,,ATIVO,,
1777464392372,Saída,2026-04-29 09:05,MURILLO,,,,QUARTA PARADA,ROSAS BRANCAS,ORNAMENTAÇÃO,17,20,340,0,0,,ATIVO,,
1777464419947,Saída,2026-04-29 09:06,MURILLO,,,,QUARTA PARADA,ROSAS BRANCAS,ORNAMENTAÇÃO,0,0,12,0,0,,ATIVO,,
1777464461971,Saída,2026-04-29 09:06,MURILLO,,,,QUARTA PARADA,ROSA CHAMPANHE,VENDA LOJA,15,20,300,0,0,,ATIVO,,
1777464528307,Saída,2026-04-29 09:07,MURILLO,,,,QUARTA PARADA,ROSA AMARELA,ORNAMENTAÇÃO,6,20,120,0,0,,ATIVO,,
1777464565765,Saída,2026-04-29 09:08,MURILLO,,,,QUARTA PARADA,ROSAS VERMELHAS,ORNAMENTAÇÃO,4,20,80,0,0,,ATIVO,,
1777464594532,Saída,2026-04-29 09:09,MURILLO,,,,QUARTA PARADA,ROSAS PINK,ORNAMENTAÇÃO,1,20,20,0,0,,ATIVO,,
1777543051964,Saída,2026-04-29 09:09,MURILLO,,,,QUARTA PARADA,ROSA CHAMPANHE,VENDA LOJA,7,20,140,0,0,,ATIVO,,
1777543099693,Entrada,2026-04-30 06:57,MURILLO,,,,QUARTA PARADA,ROSA CHAMPANHE,VENDA LOJA,14,20,280,0,0,,ATIVO,,
1777543151734,Saída,2026-04-30 06:58,MURILLO,,,,QUARTA PARADA,GIPSOFILA,ORNAMENTAÇÃO,16,7,112,0,0,,ATIVO,,
1777543189418,Entrada,2026-04-30 06:59,MURILLO,,,,QUARTA PARADA,ROSAS BRANCAS,ORNAMENTAÇÃO,10,20,200,0,0,,ATIVO,,
1777543213659,Saída,2026-04-30 06:59,MURILLO,,,,QUARTA PARADA,ROSA AMARELA,ORNAMENTAÇÃO,1,20,20,0,0,,ATIVO,,
1777543233749,Saída,2026-04-30 07:00,MURILLO,,,,QUARTA PARADA,ROSAS VERMELHAS,ORNAMENTAÇÃO,1,20,20,0,0,,ATIVO,,
1777543266354,Entrada,2026-04-30 07:00,MURILLO,,,,QUARTA PARADA,ROSAS VERMELHAS,ORNAMENTAÇÃO,2,20,40,0,0,,ATIVO,,
1777543303291,Saída,2026-04-30 07:01,MURILLO,,,,QUARTA PARADA,ROSAS PINK,ORNAMENTAÇÃO,4,20,80,0,0,,ATIVO,,
1777543331596,Saída,2026-04-30 07:01,MURILLO,,,,QUARTA PARADA,ROSAS PINK,ORNAMENTAÇÃO,1,20,20,0,0,,ATIVO,,
1777543355915,Saída,2026-04-30T10:02:35.915Z,MURILLO,,,MURILLO,QUARTA PARADA,VASO DE CRISANTEMO BRANCO,VENDA LOJA,0,0,1,0,0,Baixa rápida: Venda,ATIVO,,
1777543383971,Saída,2026-04-30T10:03:03.970Z,MURILLO,,,MURILLO,QUARTA PARADA,VASO DE CRISANTEMO LARANJA,VENDA LOJA,0,0,3,0,0,Baixa rápida: Venda,ATIVO,,
1777543398818,Saída,2026-04-30T10:03:18.818Z,MURILLO,,,MURILLO,QUARTA PARADA,VASO DE CRISANTEMO AMARELO,VENDA LOJA,0,0,1,0,0,Baixa rápida: Venda,ATIVO,,